-- phpMyAdmin SQL Dump
-- version 4.2.7.1
-- http://www.phpmyadmin.net
--
-- Host: 127.0.0.1
-- Generation Time: 27.08.2014 klo 19:34
-- Palvelimen versio: 5.6.20
-- PHP Version: 5.5.15

SET SQL_MODE = "NO_AUTO_VALUE_ON_ZERO";
SET time_zone = "+00:00";


/*!40101 SET @OLD_CHARACTER_SET_CLIENT=@@CHARACTER_SET_CLIENT */;
/*!40101 SET @OLD_CHARACTER_SET_RESULTS=@@CHARACTER_SET_RESULTS */;
/*!40101 SET @OLD_COLLATION_CONNECTION=@@COLLATION_CONNECTION */;
/*!40101 SET NAMES utf8 */;

--
-- Database: `qtool`
--

-- --------------------------------------------------------

--
-- Rakenne taululle `answer`
--

CREATE TABLE IF NOT EXISTS `answer` (
`ID` int(11) NOT NULL,
  `created` timestamp NOT NULL DEFAULT CURRENT_TIMESTAMP,
  `modified` timestamp NULL DEFAULT NULL,
  `votes` int(11) NOT NULL DEFAULT '0',
  `poll_ID` int(11) NOT NULL,
  `answer` text NOT NULL,
  `order` int(11) NOT NULL
) ENGINE=InnoDB  DEFAULT CHARSET=latin1 AUTO_INCREMENT=491 ;

--
-- Vedos taulusta `answer`
--

INSERT INTO `answer` (`ID`, `created`, `modified`, `votes`, `poll_ID`, `answer`, `order`) VALUES
(1, '2014-08-26 09:24:29', NULL, 0, 1, 'safadsfasdfsgfdg', 1),
(2, '2014-08-26 09:24:29', NULL, 0, 1, 'fghhhghghghghg', 2),
(3, '2014-08-26 09:24:47', NULL, 1, 2, 'fghhhghghghghg', 1),
(4, '2014-08-26 09:24:47', NULL, 0, 2, 'safadsfasdfsgfdg', 2),
(5, '2014-08-26 09:36:23', NULL, 0, 3, 'fdsfsafdsa', 1),
(6, '2014-08-26 09:36:23', NULL, 0, 3, 'fdsafasdfasfasfd', 2),
(7, '2014-08-26 09:36:59', NULL, 2, 4, 'fdsfsafdsa', 1),
(8, '2014-08-26 09:36:59', NULL, 0, 4, 'fdsafasdfasfasfd', 2),
(9, '2014-08-26 09:48:31', NULL, 2, 5, 'kkkjkhgjk', 1),
(10, '2014-08-26 09:48:31', NULL, 0, 5, 'hjkghjkjghkghjkghkh', 2),
(11, '2014-08-26 09:59:43', NULL, 0, 6, 'uuuuuuuuuuuu', 1),
(12, '2014-08-26 09:59:43', NULL, 0, 6, 'iiiiiiiiiiiiiiiiiii', 2),
(13, '2014-08-26 10:01:07', NULL, 0, 7, 'ooooooooo', 1),
(14, '2014-08-26 10:01:07', NULL, 0, 7, 'oooooooooooooooo', 2),
(15, '2014-08-26 10:01:54', NULL, 0, 8, 'fgjghfjfgj', 1),
(16, '2014-08-26 10:01:54', NULL, 0, 8, 'fghjfgjfgjfghjfgj', 2),
(17, '2014-08-26 10:03:50', NULL, 0, 9, 'ilklhkjl', 1),
(18, '2014-08-26 10:03:50', NULL, 0, 9, 'hjkljhlhjklhjl', 2),
(19, '2014-08-26 10:07:28', NULL, 0, 10, 'fgfdgfdg', 1),
(20, '2014-08-26 10:07:28', NULL, 0, 10, 'fdgdfgdgd', 2),
(21, '2014-08-26 10:14:28', NULL, 0, 11, 'jfghjfgj', 1),
(22, '2014-08-26 10:14:28', NULL, 0, 11, 'fghjfghjfgjgjhfgj', 2),
(23, '2014-08-26 10:15:44', NULL, 0, 12, 'jgfhjfgjfhj', 1),
(24, '2014-08-26 10:15:44', NULL, 0, 12, 'fghjfghjfghjfgjfghj', 2),
(25, '2014-08-26 10:16:14', NULL, 0, 13, 'ghfghfgdh', 1),
(26, '2014-08-26 10:16:14', NULL, 0, 13, 'fdghfgdhgfdh', 2),
(27, '2014-08-26 10:17:29', NULL, 0, 14, 'utrutryu', 1),
(28, '2014-08-26 10:17:29', NULL, 0, 14, 'trutryuryutru', 2),
(29, '2014-08-26 10:20:37', NULL, 0, 15, 'dsgdsfgds', 1),
(30, '2014-08-26 10:20:37', NULL, 0, 15, 'gfdsgfdsgfdsgfdsg', 2),
(31, '2014-08-26 10:22:16', NULL, 0, 16, 'fgdsfgdsfgdsfgds', 1),
(32, '2014-08-26 10:22:16', NULL, 0, 16, 'fgdsfgdsfgdsfgdsfgdsfgds', 2),
(33, '2014-08-26 10:22:36', NULL, 0, 17, 'fgdsfgdsfgdsfgds', 1),
(34, '2014-08-26 10:22:36', NULL, 0, 17, 'fgdsfgdsfgdsfgdsfgdsfgds', 2),
(35, '2014-08-26 10:23:01', NULL, 0, 18, 'aaaaaa', 1),
(36, '2014-08-26 10:23:01', NULL, 0, 18, 'aaaa', 2),
(37, '2014-08-26 10:24:29', NULL, 0, 19, 'khjkhjg', 1),
(38, '2014-08-26 10:24:29', NULL, 0, 19, 'kghjkjghkjghk', 2),
(39, '2014-08-26 10:25:43', NULL, 0, 20, 'oioi', 1),
(40, '2014-08-26 10:25:43', NULL, 0, 20, 'oioioio', 2),
(41, '2014-08-26 10:26:56', NULL, 0, 21, 'öjklöjkl', 1),
(42, '2014-08-26 10:26:56', NULL, 0, 21, 'öjklöjklöjklöjlö', 2),
(43, '2014-08-26 10:27:28', NULL, 0, 22, 'kljhklhj', 1),
(44, '2014-08-26 10:27:28', NULL, 0, 22, 'jklhjklh', 2),
(45, '2014-08-26 10:27:54', NULL, 0, 23, 'jghkghjk', 1),
(46, '2014-08-26 10:27:55', NULL, 0, 23, 'jghkjghkghjkjghkghjk', 2),
(47, '2014-08-26 10:34:44', NULL, 0, 24, 'sgdfsgdfsg', 1),
(48, '2014-08-26 10:34:44', NULL, 0, 24, 'fdgdsfgfdsgsfgdsfg', 2),
(49, '2014-08-26 11:05:45', NULL, 0, 25, 'kissa', 1),
(50, '2014-08-26 11:05:45', NULL, 0, 25, 'koira', 2),
(51, '2014-08-26 11:06:47', NULL, 0, 26, 'asfadsf', 1),
(52, '2014-08-26 11:06:47', NULL, 0, 26, 'asfdasfasdfasdf', 2),
(53, '2014-08-26 11:09:19', NULL, 0, 27, 'kkkkkk', 1),
(54, '2014-08-26 11:09:20', NULL, 0, 27, 'kkkkkk', 2),
(55, '2014-08-26 11:09:35', NULL, 0, 28, 'fghjfghj', 1),
(56, '2014-08-26 11:09:35', NULL, 0, 28, 'fgjfghjfghjfghjfgj', 2),
(57, '2014-08-26 11:10:26', NULL, 2, 29, 'homohomo', 1),
(58, '2014-08-26 11:10:26', NULL, 0, 29, 'homohomo', 2),
(59, '2014-08-26 11:13:53', NULL, 0, 30, 'aadfsaf', 1),
(60, '2014-08-26 11:13:53', NULL, 0, 30, 'asdfasfafadf', 2),
(61, '2014-08-26 11:32:02', NULL, 0, 31, 'dfsgfdgdsg', 1),
(62, '2014-08-26 11:32:02', NULL, 0, 31, 'dsfgfdsgfdsgdsg', 2),
(63, '2014-08-26 11:33:42', NULL, 0, 32, 'dfgsdgfd', 1),
(64, '2014-08-26 11:33:42', NULL, 0, 32, 'gfdsgdsfgfdsgsdfgdsg', 2),
(65, '2014-08-26 11:35:05', NULL, 0, 33, 'gfdsgfdg', 1),
(66, '2014-08-26 11:35:05', NULL, 0, 33, 'dsgdsgdsfgsdfg', 2),
(67, '2014-08-26 11:35:41', NULL, 0, 34, 'ujuju', 1),
(68, '2014-08-26 11:35:41', NULL, 0, 34, 'jujujujuj', 2),
(69, '2014-08-26 11:36:34', NULL, 0, 35, 'fgdhfgd', 1),
(70, '2014-08-26 11:36:34', NULL, 0, 35, 'hfgdhfgdhfdghfgdh', 2),
(71, '2014-08-26 11:37:53', NULL, 0, 36, 'jgfjfghj', 1),
(72, '2014-08-26 11:37:53', NULL, 0, 36, 'fghjfghjfghjhfgjf', 2),
(73, '2014-08-26 11:47:05', NULL, 0, 37, 'gfdg', 1),
(74, '2014-08-26 11:47:05', NULL, 0, 37, 'dfgfdgfdgdg', 2),
(75, '2014-08-26 11:48:09', NULL, 0, 38, 'gfdsgfds', 1),
(76, '2014-08-26 11:48:09', NULL, 0, 38, 'gfdsgdsgfdsg', 2),
(77, '2014-08-26 11:49:00', NULL, 0, 39, 'ooooo', 1),
(78, '2014-08-26 11:49:00', NULL, 0, 39, 'ooooo', 2),
(79, '2014-08-26 11:50:40', NULL, 0, 40, 'juu', 1),
(80, '2014-08-26 11:50:40', NULL, 0, 40, 'ei', 2),
(81, '2014-08-26 11:52:12', NULL, 0, 41, 'fdghfdghfdg', 1),
(82, '2014-08-26 11:52:13', NULL, 0, 41, 'hfgdhfdghfdghfdhfdghfgdhfdgh', 2),
(83, '2014-08-26 11:53:21', NULL, 0, 42, 'gfdsgfdsg', 1),
(84, '2014-08-26 11:53:21', NULL, 0, 42, 'dsfgfdsgdsfgdsg', 2),
(85, '2014-08-26 11:55:10', NULL, 0, 43, 'fdsgdg', 1),
(86, '2014-08-26 11:55:10', NULL, 0, 43, 'dsfgfdsgfsdgdsg', 2),
(87, '2014-08-26 11:59:40', NULL, 0, 44, 'fdsgfdsgfds', 1),
(88, '2014-08-26 11:59:40', NULL, 0, 44, 'gfdsgdsgfdsgfdsgdsg', 2),
(89, '2014-08-26 12:00:38', NULL, 0, 45, 'fjfgjfghj', 1),
(90, '2014-08-26 12:00:38', NULL, 0, 45, 'fgjfghjfghjfghj', 2),
(91, '2014-08-26 12:01:05', NULL, 0, 46, 'sdafdsafds', 1),
(92, '2014-08-26 12:01:05', NULL, 0, 46, 'afasdfadsfadsf', 2),
(93, '2014-08-26 12:02:22', NULL, 0, 47, 'dsfgdsfgfds', 1),
(94, '2014-08-26 12:02:22', NULL, 0, 47, 'gdsgfdsgdsfg', 2),
(95, '2014-08-26 12:03:57', NULL, 0, 48, 'kghkghj', 1),
(96, '2014-08-26 12:03:57', NULL, 0, 48, 'kghjkjghkghj', 2),
(97, '2014-08-26 12:12:02', NULL, 0, 49, 'olen', 1),
(98, '2014-08-26 12:12:02', NULL, 0, 49, 'en', 2),
(99, '2014-08-26 12:20:58', NULL, 0, 50, 'adsfadsfsaf', 1),
(100, '2014-08-26 12:20:58', NULL, 0, 50, 'dsafadsfdasfadsfdasfadsf', 2),
(101, '2014-08-26 12:23:24', NULL, 0, 51, 'fdsgfdsgds', 1),
(102, '2014-08-26 12:23:24', NULL, 0, 51, 'gfdsgfdsgdsgg', 2),
(103, '2014-08-26 12:36:16', NULL, 0, 52, 'dsfgdsfg', 1),
(104, '2014-08-26 12:36:16', NULL, 0, 52, 'dsgfdsgfdsgdsfgsg', 2),
(105, '2014-08-26 12:39:28', NULL, 0, 53, 'gfdhfdgh', 1),
(106, '2014-08-26 12:39:28', NULL, 0, 53, 'fdhfgdhfgdhfdghdgh', 2),
(107, '2014-08-26 12:39:57', NULL, 0, 54, 'dsfgdsgfdsgfdsg', 1),
(108, '2014-08-26 12:39:57', NULL, 0, 54, 'dsfgdsgdsfgfdsgdsfgs', 2),
(109, '2014-08-26 12:44:34', NULL, 0, 55, 'fdsgfds', 1),
(110, '2014-08-26 12:44:34', NULL, 0, 55, 'gdsgfdsgdsgds', 2),
(111, '2014-08-26 12:46:47', NULL, 0, 56, 'dsgdsgfdgs', 1),
(112, '2014-08-26 12:46:47', NULL, 0, 56, 'dsgdsfgdsfgdsgds', 2),
(113, '2014-08-26 12:47:00', NULL, 0, 57, 'fghjfgh', 1),
(114, '2014-08-26 12:47:00', NULL, 0, 57, 'fhgjfgjfgj', 2),
(115, '2014-08-26 12:53:10', NULL, 0, 58, 'sgdfgdsg', 1),
(116, '2014-08-26 12:53:10', NULL, 0, 58, 'fdsgdsgdsgdsggs', 2),
(117, '2014-08-26 12:53:30', NULL, 0, 59, 'gfdsgfdsgds', 1),
(118, '2014-08-26 12:53:30', NULL, 0, 59, 'gdsgdsgdsgsg', 2),
(119, '2014-08-26 12:54:26', NULL, 0, 60, 'fgjgffg', 1),
(120, '2014-08-26 12:54:26', NULL, 0, 60, 'jfgjfgjfgjfgj', 2),
(121, '2014-08-26 12:55:07', NULL, 0, 61, 'fsdfsa', 1),
(122, '2014-08-26 12:55:07', NULL, 0, 61, 'fsdfsadfdasdfa', 2),
(123, '2014-08-26 13:13:52', NULL, 1, 62, 'dsgfdsg', 1),
(124, '2014-08-26 13:13:52', NULL, 0, 62, 'dfsgdsfgfdsgdsgds', 2),
(125, '2014-08-26 13:15:36', NULL, 2, 63, 'asfasfasf', 1),
(126, '2014-08-26 13:15:36', NULL, 1, 63, 'asfasfasfasfasf', 2),
(127, '2014-08-26 13:21:14', NULL, 0, 64, 'hfdghfgd', 1),
(128, '2014-08-26 13:21:14', NULL, 0, 64, 'hfdghfgdhfgdh', 2),
(129, '2014-08-26 13:23:04', NULL, 0, 65, 'koira', 1),
(130, '2014-08-26 13:23:04', NULL, 0, 65, 'kissa', 2),
(131, '2014-08-26 13:38:18', NULL, 0, 66, 'fhdgfghfdgh', 1),
(132, '2014-08-26 13:38:18', NULL, 0, 66, 'fgdhfghdfghdfghdfghd', 2),
(133, '2014-08-26 13:38:58', NULL, 0, 67, 'gsgdsfgdsg', 1),
(134, '2014-08-26 13:38:58', NULL, 0, 67, 'dsgdsgdsgdsg', 2),
(135, '2014-08-26 13:39:16', NULL, 0, 68, 'gdsgds', 1),
(136, '2014-08-26 13:39:16', NULL, 0, 68, 'dsgdsdsgsd', 2),
(137, '2014-08-26 13:39:40', NULL, 0, 69, 'gfjfgjgfhjfj', 1),
(138, '2014-08-26 13:39:40', NULL, 0, 69, 'gjfgjfgj', 2),
(139, '2014-08-26 13:40:49', NULL, 0, 70, 'sfdsgdsg', 1),
(140, '2014-08-26 13:40:49', NULL, 0, 70, 'fdgfdsgsdfg', 2),
(141, '2014-08-26 13:41:07', NULL, 0, 71, 'sfdsgdsg', 1),
(142, '2014-08-26 13:41:07', NULL, 0, 71, 'fdgfdsgsdfg', 2),
(143, '2014-08-26 13:41:38', NULL, 0, 72, 'hdfh', 1),
(144, '2014-08-26 13:41:39', NULL, 0, 72, 'gfhfdghfgdhfgd', 2),
(145, '2014-08-26 13:41:43', NULL, 0, 73, 'hdfh', 1),
(146, '2014-08-26 13:41:43', NULL, 0, 73, 'gfhfdghfgdhfgd', 2),
(147, '2014-08-26 13:42:26', NULL, 0, 74, 'gdfg', 1),
(148, '2014-08-26 13:42:26', NULL, 0, 74, 'dfsgsdfg', 2),
(149, '2014-08-26 13:44:42', NULL, 0, 75, 'dsgfdsg', 1),
(150, '2014-08-26 13:44:42', NULL, 0, 75, 'dsgdsgdsgsd', 2),
(151, '2014-08-26 13:45:41', NULL, 0, 76, 'gfdsgsdgf', 1),
(152, '2014-08-26 13:45:41', NULL, 0, 76, 'dsgsdgdsgsgf', 2),
(153, '2014-08-26 13:46:20', NULL, 0, 77, 'fsafadsfsa', 1),
(154, '2014-08-26 13:46:20', NULL, 0, 77, 'fasfsafasfasaf', 2),
(155, '2014-08-26 13:46:43', NULL, 0, 78, 'fdsgfdsgdsf', 1),
(156, '2014-08-26 13:46:43', NULL, 0, 78, 'gfdsgsdgsdg', 2),
(157, '2014-08-26 13:53:43', NULL, 0, 79, 'gdgdsgdsg', 1),
(158, '2014-08-26 13:53:43', NULL, 0, 79, 'dgdsgdsgdsg', 2),
(159, '2014-08-26 14:03:17', NULL, 0, 80, 'sdgdsfgfdsgsd', 1),
(160, '2014-08-26 14:03:17', NULL, 0, 80, 'fgfdsgfdsgdsfg', 2),
(161, '2014-08-26 14:08:16', NULL, 0, 81, 'dfgfsgsd', 1),
(162, '2014-08-26 14:08:16', NULL, 0, 81, 'fgdsfgsfdgsdgds', 2),
(163, '2014-08-26 14:08:16', NULL, 0, 81, 'ggg', 3),
(164, '2014-08-26 14:08:16', NULL, 0, 81, 'gggg', 4),
(165, '2014-08-26 14:08:20', NULL, 0, 82, 'dfgfsgsd', 1),
(166, '2014-08-26 14:08:20', NULL, 0, 82, 'fgdsfgsfdgsdgds', 2),
(167, '2014-08-26 14:08:20', NULL, 0, 82, 'ggg', 3),
(168, '2014-08-26 14:08:20', NULL, 0, 82, 'gggg', 4),
(169, '2014-08-26 14:15:19', NULL, 0, 83, 'fasdfs', 1),
(170, '2014-08-26 14:15:19', NULL, 0, 83, 'dafsafsadfasfa', 2),
(171, '2014-08-26 14:15:59', NULL, 0, 84, 'asdfsafds', 1),
(172, '2014-08-26 14:15:59', NULL, 0, 84, 'afasfsfasfd', 2),
(173, '2014-08-26 14:30:43', NULL, 0, 85, 'fasdfasdfasd', 1),
(174, '2014-08-26 14:30:43', NULL, 0, 85, 'fadsfadsfadsfasfa', 2),
(175, '2014-08-26 14:36:38', NULL, 2, 86, 'gfdgdsg', 1),
(176, '2014-08-26 14:36:38', NULL, 0, 86, 'sgdsgdsgdsfgds', 2),
(177, '2014-08-26 14:37:29', NULL, 0, 87, 'dsgdfsgfds', 1),
(178, '2014-08-26 14:37:29', NULL, 0, 87, 'gdfsgdsgfdsgdsg', 2),
(179, '2014-08-26 14:37:42', NULL, 0, 88, 'fdsgfdsgds', 1),
(180, '2014-08-26 14:37:42', NULL, 0, 88, 'fgdsfgsfdgfdsgfdsgsgg', 2),
(181, '2014-08-26 14:38:53', NULL, 0, 89, 'fdsgfdsgf', 1),
(182, '2014-08-26 14:38:53', NULL, 0, 89, 'dsgfdsgdsfgfdsgsdgdgfdsg', 2),
(183, '2014-08-26 14:39:04', NULL, 0, 90, 'dsfgdsg', 1),
(184, '2014-08-26 14:39:04', NULL, 0, 90, 'dsfgfdsgfdsgsdfgdfg', 2),
(185, '2014-08-26 14:40:56', NULL, 2, 91, 'gdsfgdfsgfds', 1),
(186, '2014-08-26 14:40:57', NULL, 0, 91, 'gfdsgdsfgdsfggf', 2),
(187, '2014-08-26 14:42:39', NULL, 11, 92, 'aaaaa', 1),
(188, '2014-08-26 14:42:39', NULL, 0, 92, 'aaaaa', 2),
(189, '2014-08-26 14:46:31', NULL, 9, 93, 'kissa', 1),
(190, '2014-08-26 14:46:31', NULL, 0, 93, 'koira', 2),
(191, '2014-08-26 14:50:48', NULL, 1, 94, 'dsgdfsgfdsgdsfgfsdg', 1),
(192, '2014-08-26 14:50:48', NULL, 0, 94, 'fdsgdsgdsfgdsg', 2),
(193, '2014-08-26 14:52:13', NULL, 0, 95, 'gfgfsdgdfsg', 1),
(194, '2014-08-26 14:52:13', NULL, 1, 95, 'dsfgdsfgfsgdsfgdsg', 2),
(195, '2014-08-26 14:52:13', NULL, 3, 95, 'gdsfgfdsgdsgdsgsdgsdg', 3),
(196, '2014-08-26 14:52:13', NULL, 0, 95, 'gfdsgds', 4),
(197, '2014-08-26 14:52:13', NULL, 0, 95, 'gdsgfds', 5),
(198, '2014-08-26 14:52:13', NULL, 1, 95, 'dsfgdsgdf', 6),
(199, '2014-08-26 14:54:02', NULL, 1, 96, 'sadfsadf', 1),
(200, '2014-08-26 14:54:02', NULL, 0, 96, 'adsfadsfasfdasfasf', 2),
(201, '2014-08-26 14:56:23', NULL, 4, 97, 'asfsadf', 1),
(202, '2014-08-26 14:56:23', NULL, 0, 97, 'sfsafasdfdsafasfsafd', 2),
(203, '2014-08-26 14:58:33', NULL, 3, 98, 'gdsfgsdfgs', 1),
(204, '2014-08-26 14:58:33', NULL, 0, 98, 'dfgdsfgdsfgdsfgfdsgsdfgsdgdsfgdsfgdsfg', 2),
(205, '2014-08-26 15:00:27', NULL, 3, 99, 'gdsgd', 1),
(206, '2014-08-26 15:00:27', NULL, 0, 99, 'sfgfdsgdfsgfdsgsdfg', 2),
(207, '2014-08-26 15:05:00', NULL, 0, 100, 'dsfgfds', 1),
(208, '2014-08-26 15:05:00', NULL, 0, 100, 'gdsgfdsgdgdsg', 2),
(209, '2014-08-26 15:05:09', NULL, 0, 101, 'dgfdsg', 1),
(210, '2014-08-26 15:05:09', NULL, 0, 101, 'dsgfdsgfdsgfdsgdsgdsg', 2),
(211, '2014-08-26 15:05:48', NULL, 0, 102, 'ggggfg', 1),
(212, '2014-08-26 15:05:48', NULL, 0, 102, 'gdfgsdfgsdfg', 2),
(213, '2014-08-26 15:05:56', NULL, 1, 103, 'dhfdhfdghfgd', 1),
(214, '2014-08-26 15:05:57', NULL, 0, 103, 'hfdghfdghfdghfgdh', 2),
(215, '2014-08-26 15:07:55', NULL, 1, 104, 'gggg', 1),
(216, '2014-08-26 15:07:55', NULL, 1, 104, 'ggggg', 2),
(217, '2014-08-26 15:09:48', NULL, 0, 105, 'gdfg', 1),
(218, '2014-08-26 15:09:48', NULL, 1, 105, 'gfdgdfgdfg', 2),
(219, '2014-08-26 15:12:13', NULL, 2, 106, 'gjhhgf', 1),
(220, '2014-08-26 15:12:13', NULL, 1, 106, 'jfghjgfhjgfjgfj', 2),
(221, '2014-08-26 15:13:55', NULL, 2, 107, 'dsgdsg', 1),
(222, '2014-08-26 15:13:55', NULL, 1, 107, 'dsfgfdsgdsgfdsg', 2),
(223, '2014-08-26 15:15:14', NULL, 5, 108, 'dsgdsfg', 1),
(224, '2014-08-26 15:15:14', NULL, 0, 108, 'dsgfdsgfdsgsdg', 2),
(225, '2014-08-26 15:16:15', NULL, 0, 109, 'gdsfg', 1),
(226, '2014-08-26 15:16:15', NULL, 0, 109, 'sgfdsgdsgfdsg', 2),
(227, '2014-08-26 15:16:23', NULL, 0, 110, 'dsgds', 1),
(228, '2014-08-26 15:16:23', NULL, 0, 110, 'gdsfgdsgdsgds', 2),
(229, '2014-08-26 15:16:33', NULL, 0, 111, 'gdfsgdsg', 1),
(230, '2014-08-26 15:16:33', NULL, 0, 111, 'dgsfdgdsgdsg', 2),
(231, '2014-08-26 15:18:42', NULL, 1, 112, 'abab', 1),
(232, '2014-08-26 15:18:42', NULL, 0, 112, 'abab', 2),
(233, '2014-08-26 15:18:52', NULL, 1, 113, 'abababab', 1),
(234, '2014-08-26 15:18:52', NULL, 0, 113, 'ababab', 2),
(235, '2014-08-26 15:20:13', NULL, 0, 114, 'fdsgdsfg', 1),
(236, '2014-08-26 15:20:13', NULL, 0, 114, 'sdfgfdsgsfgd', 2),
(237, '2014-08-26 15:20:24', NULL, 0, 115, 'fgdsfgdsfgds', 1),
(238, '2014-08-26 15:20:24', NULL, 0, 115, 'gfdsfgdsfgds', 2),
(239, '2014-08-26 15:25:28', NULL, 0, 116, 'gfdsgdsg', 1),
(240, '2014-08-26 15:25:28', NULL, 0, 116, 'fsgdfgsgdsgs', 2),
(241, '2014-08-26 15:25:39', NULL, 3, 117, 'fgdhfgdhfgdhfghd', 1),
(242, '2014-08-26 15:25:39', NULL, 2, 117, 'fhfgdhfdghfdhfdh', 2),
(243, '2014-08-26 15:27:17', NULL, 0, 118, 'gdfsgfd', 1),
(244, '2014-08-26 15:27:17', NULL, 0, 118, 'gfdsgfdsgfdsgfdg', 2),
(245, '2014-08-26 15:27:29', NULL, 2, 119, 'fghdfghdfghd', 1),
(246, '2014-08-26 15:27:29', NULL, 2, 119, 'fghdfghdfghdghffghdfghd', 2),
(247, '2014-08-26 15:28:40', NULL, 1, 120, 'fgfg', 1),
(248, '2014-08-26 15:28:40', NULL, 0, 120, 'fgfgfgfg', 2),
(249, '2014-08-26 15:29:04', NULL, 0, 121, 'fgfdsgdsfgsgfds', 1),
(250, '2014-08-26 15:29:04', NULL, 3, 121, 'gdsgdsfgfdsgsdg', 2),
(251, '2014-08-26 15:54:10', NULL, 2, 122, 'dsgsdfg', 1),
(252, '2014-08-26 15:54:10', NULL, 0, 122, 'fdsgdsfgdsgsdgf', 2),
(253, '2014-08-26 15:56:07', NULL, 0, 123, 'fdsgfdsgs', 1),
(254, '2014-08-26 15:56:07', NULL, 0, 123, 'gfdsgdsgdsfgfds', 2),
(255, '2014-08-26 15:58:55', NULL, 1, 124, 'fdsgdsgdsfg', 1),
(256, '2014-08-26 15:58:55', NULL, 0, 124, 'dsfgdfsgfdsgfdsg', 2),
(257, '2014-08-26 15:59:05', NULL, 0, 125, 'fdg', 1),
(258, '2014-08-26 15:59:05', NULL, 4, 125, 'fdsgfdsgfdsgdsgdsfg', 2),
(259, '2014-08-26 15:59:51', NULL, 0, 126, 'gsdgfds', 1),
(260, '2014-08-26 15:59:51', NULL, 3, 126, 'gdsfgdsfgsdfgsfd', 2),
(261, '2014-08-26 16:00:08', NULL, 0, 127, 'sdgfdgsg', 1),
(262, '2014-08-26 16:00:08', NULL, 3, 127, 'fsdgdsgsg', 2),
(263, '2014-08-26 16:01:03', NULL, 0, 128, 'gdsfg', 1),
(264, '2014-08-26 16:01:03', NULL, 4, 128, 'dsfgdsfgfdsgdsgfdsg', 2),
(265, '2014-08-26 16:01:17', NULL, 0, 129, 'sgfdsgfds', 1),
(266, '2014-08-26 16:01:17', NULL, 4, 129, 'gfdsgdsgsdg', 2),
(267, '2014-08-26 16:02:19', NULL, 0, 130, 'gfdsgfdsgfds', 1),
(268, '2014-08-26 16:02:19', NULL, 0, 130, 'gdsgfdsgdsgfgg', 2),
(269, '2014-08-26 16:07:10', NULL, 0, 131, 'fdsgdsfg', 1),
(270, '2014-08-26 16:07:10', NULL, 0, 131, 'fdsgsdfgfgds', 2),
(271, '2014-08-26 16:07:15', NULL, 1, 132, 'fdsgdsfg', 1),
(272, '2014-08-26 16:07:15', NULL, 0, 132, 'fdsgsdfgfgds', 2),
(273, '2014-08-26 16:08:57', NULL, 0, 133, 'gdsfgdsfgg', 1),
(274, '2014-08-26 16:08:57', NULL, 0, 133, 'sdgfdsgdsfg', 2),
(275, '2014-08-26 16:09:07', NULL, 0, 134, 'fghdfghd', 1),
(276, '2014-08-26 16:09:07', NULL, 0, 134, 'fghdfgh', 2),
(277, '2014-08-26 17:14:11', NULL, 1, 135, 'gdsgsg', 1),
(278, '2014-08-26 17:14:11', NULL, 0, 135, 'fdsgfdsgfdsgdsg', 2),
(279, '2014-08-26 17:14:33', NULL, 1, 136, 'gdsffgdsfgsdsfgd', 1),
(280, '2014-08-26 17:14:33', NULL, 0, 136, 'fgdsfgdfgdsfgsgsfd', 2),
(281, '2014-08-26 17:16:21', NULL, 1, 137, 'fgdssfgd', 1),
(282, '2014-08-26 17:16:21', NULL, 0, 137, 'fgdsfgdsfgdsfgdsfgds', 2),
(283, '2014-08-26 17:16:34', NULL, 2, 138, 'fgsdsfgdfgd', 1),
(284, '2014-08-26 17:16:34', NULL, 0, 138, 'fgsdsfgdsgfdsgfd', 2),
(285, '2014-08-26 17:18:01', NULL, 1, 139, 'sfasadf', 1),
(286, '2014-08-26 17:18:01', NULL, 0, 139, 'asfdafdsafs', 2),
(287, '2014-08-26 17:20:48', NULL, 2, 140, 'sgfdsgd', 1),
(288, '2014-08-26 17:20:48', NULL, 0, 140, 'sgfdsgdsgdsg', 2),
(289, '2014-08-26 17:22:22', NULL, 1, 141, 'sadfasdf', 1),
(290, '2014-08-26 17:22:22', NULL, 1, 141, 'asfdasdfasdfafsd', 2),
(291, '2014-08-26 17:28:39', NULL, 0, 142, 'fasdfs', 1),
(292, '2014-08-26 17:28:39', NULL, 0, 142, 'dfadsfasfadsf', 2),
(293, '2014-08-26 17:30:56', NULL, 0, 143, 'gsdgsfds', 1),
(294, '2014-08-26 17:30:56', NULL, 0, 143, 'fgdsfgdsgfdgsfd', 2),
(295, '2014-08-26 17:33:58', NULL, 3, 144, 'hdfgfghd', 1),
(296, '2014-08-26 17:33:58', NULL, 0, 144, 'ghdfdfhfghdfghd', 2),
(297, '2014-08-26 17:35:20', NULL, 1, 145, 'jghjfgj', 1),
(298, '2014-08-26 17:35:20', NULL, 0, 145, 'fghjfgjfghjfgjgj', 2),
(299, '2014-08-26 17:36:11', NULL, 1, 146, 'fdhfgd', 1),
(300, '2014-08-26 17:36:11', NULL, 0, 146, 'hfgdhfgdhfgdh', 2),
(301, '2014-08-26 17:41:32', NULL, 1, 147, 'hjghfjgf', 1),
(302, '2014-08-26 17:41:32', NULL, 1, 147, 'jfghjfghjgjh', 2),
(303, '2014-08-26 17:43:09', NULL, 1, 148, 'hfgdhfgdhfgd', 1),
(304, '2014-08-26 17:43:09', NULL, 0, 148, 'hfgdhfgdhfdghfgdhfgdhfdh', 2),
(305, '2014-08-26 17:46:16', NULL, 1, 149, 'sgdsfg', 1),
(306, '2014-08-26 17:46:16', NULL, 0, 149, 'fdgdfsgdsfgdsfg', 2),
(307, '2014-08-26 17:48:07', NULL, 15, 150, 'fdsgdg', 1),
(308, '2014-08-26 17:48:07', NULL, 0, 150, 'fdsgfdsgdfdsg', 2),
(309, '2014-08-26 17:53:50', NULL, 1, 151, 'gdhgd', 1),
(310, '2014-08-26 17:53:50', NULL, 0, 151, 'ghddghhfghhdfg', 2),
(311, '2014-08-26 18:01:07', NULL, 1, 152, 'gdsgdsfgdfsgds', 1),
(312, '2014-08-26 18:01:07', NULL, 2, 152, 'gdfgdsgdfgfdsgg', 2),
(313, '2014-08-26 18:32:32', NULL, 0, 153, 'fghdfghd', 1),
(314, '2014-08-26 18:32:33', NULL, 0, 153, 'fghdfghdfghdhfgdfghd', 2),
(315, '2014-08-26 18:32:49', NULL, 0, 154, 'dsgdsg', 1),
(316, '2014-08-26 18:32:49', NULL, 0, 154, 'dsfgfdsgdsfgdsfg', 2),
(317, '2014-08-26 18:34:33', NULL, 1, 155, 'dsgdsg', 1),
(318, '2014-08-26 18:34:33', NULL, 0, 155, 'dsfgfdsgdsfgdsg', 2),
(319, '2014-08-26 18:36:22', NULL, 1, 156, 'fdhfdg', 1),
(320, '2014-08-26 18:36:22', NULL, 0, 156, 'hfgdhfgdhfdghfgdhdh', 2),
(321, '2014-08-26 18:44:27', NULL, 1, 157, 'juu', 1),
(322, '2014-08-26 18:44:27', NULL, 0, 157, 'ei :D', 2),
(323, '2014-08-26 18:44:27', NULL, 0, 157, 'khyl', 3),
(324, '2014-08-26 18:46:55', NULL, 1, 158, 'Ti', 1),
(325, '2014-08-26 18:46:55', NULL, 0, 158, 'An', 2),
(326, '2014-08-26 18:48:36', NULL, 0, 159, 'gsdfgfds', 1),
(327, '2014-08-26 18:48:36', NULL, 1, 159, 'gsfdgfdsgdsg', 2),
(328, '2014-08-26 18:51:04', NULL, 1, 160, 'juu', 1),
(329, '2014-08-26 18:51:04', NULL, 0, 160, 'en', 2),
(330, '2014-08-26 18:53:46', NULL, 0, 161, 'fgdsfg', 1),
(331, '2014-08-26 18:53:46', NULL, 0, 161, 'fgdsfgdsfgds', 2),
(332, '2014-08-26 18:55:34', NULL, 0, 162, 'gsdg', 1),
(333, '2014-08-26 18:55:34', NULL, 0, 162, 'dsgdsfgfdsgfdsgdsg', 2),
(334, '2014-08-26 21:37:35', NULL, 0, 163, 'dsgdfsgfds', 1),
(335, '2014-08-26 21:37:35', NULL, 0, 163, 'gdsfgdsg', 2),
(336, '2014-08-26 21:37:35', NULL, 0, 163, 'dsfgdsgfdsgdsfgdsfg', 3),
(337, '2014-08-26 21:37:58', NULL, 0, 164, 'dsgsdgsdg', 1),
(338, '2014-08-26 21:37:58', NULL, 0, 164, 'dsgsdgdsgdfg', 2),
(339, '2014-08-26 21:38:41', NULL, 0, 165, 'gfdsgsfdgds', 1),
(340, '2014-08-26 21:38:41', NULL, 0, 165, 'ggfdsgdffsfgds', 2),
(341, '2014-08-26 21:39:23', NULL, 0, 166, 'fgdsfgdsgfds', 1),
(342, '2014-08-26 21:39:23', NULL, 0, 166, 'gfdsgfdsgsfdgsfd', 2),
(343, '2014-08-26 21:43:41', NULL, 0, 167, 'dsfgdsfgfd', 1),
(344, '2014-08-26 21:43:41', NULL, 0, 167, 'sgfdsgfdsfdsgdsgdsgsg', 2),
(345, '2014-08-26 21:50:34', NULL, 0, 168, 'gfdsgfdsgds', 1),
(346, '2014-08-26 21:50:34', NULL, 0, 168, 'gfdsgfdsgfdsgdsg', 2),
(347, '2014-08-26 22:04:31', NULL, 0, 169, 'gsfdsfgdfgds', 1),
(348, '2014-08-26 22:04:31', NULL, 0, 169, 'gsfdgfdsgsfdgsfd', 2),
(349, '2014-08-26 22:06:44', NULL, 0, 170, 'sdfgsdfgsd', 1),
(350, '2014-08-26 22:06:44', NULL, 0, 170, 'gfdsfgdsfg', 2),
(351, '2014-08-26 22:06:44', NULL, 0, 170, 'gdsfgdsfgdsfgdsfgdfsg', 3),
(352, '2014-08-26 22:06:44', NULL, 0, 170, 'dsgfds', 4),
(353, '2014-08-26 22:06:44', NULL, 0, 170, 'fgsdg', 5),
(354, '2014-08-26 22:06:44', NULL, 0, 170, 'sdfgds', 6),
(355, '2014-08-26 22:07:33', NULL, 0, 171, 'sdfgsdfgsd', 1),
(356, '2014-08-26 22:07:33', NULL, 0, 171, 'gfdsfgdsfg', 2),
(357, '2014-08-26 22:07:33', NULL, 0, 171, 'gdsfgdsfgdsfgdsfgdfsg', 3),
(358, '2014-08-26 22:07:33', NULL, 0, 171, 'dsgfds', 4),
(359, '2014-08-26 22:07:33', NULL, 0, 171, 'fgsdg', 5),
(360, '2014-08-26 22:07:33', NULL, 0, 171, 'sdfgds', 6),
(361, '2014-08-26 22:07:38', NULL, 0, 172, 'sdfgsdfgsd', 1),
(362, '2014-08-26 22:07:38', NULL, 0, 172, 'gfdsfgdsfg', 2),
(363, '2014-08-26 22:07:38', NULL, 0, 172, 'gdsfgdsfgdsfgdsfgdfsg', 3),
(364, '2014-08-26 22:07:38', NULL, 0, 172, 'dsgfds', 4),
(365, '2014-08-26 22:07:38', NULL, 0, 172, 'fgsdg', 5),
(366, '2014-08-26 22:07:38', NULL, 0, 172, 'sdfgds', 6),
(367, '2014-08-26 22:08:09', NULL, 0, 173, 'sgsdgdfgsdgfds', 1),
(368, '2014-08-26 22:08:09', NULL, 0, 173, 'gsdgdsgdsg', 2),
(369, '2014-08-26 22:08:09', NULL, 0, 173, 'dfgsdfgdsfgdsfg', 3),
(370, '2014-08-26 22:08:15', NULL, 0, 174, 'sgsdgdfgsdgfds', 1),
(371, '2014-08-26 22:08:15', NULL, 0, 174, 'gsdgdsgdsg', 2),
(372, '2014-08-26 22:08:15', NULL, 0, 174, 'dfgsdfgdsfgdsfg', 3),
(373, '2014-08-26 22:08:15', NULL, 0, 174, 'gggg', 4),
(374, '2014-08-26 22:08:20', NULL, 0, 175, 'sgsdgdfgsdgfds', 1),
(375, '2014-08-26 22:08:20', NULL, 0, 175, 'gsdgdsgdsg', 2),
(376, '2014-08-26 22:08:20', NULL, 0, 175, 'dfgsdfgdsfgdsfg', 3),
(377, '2014-08-26 22:08:20', NULL, 0, 175, 'gggg', 4),
(378, '2014-08-26 22:11:25', NULL, 0, 176, 'hihi', 1),
(379, '2014-08-26 22:11:25', NULL, 0, 176, 'haha', 2),
(380, '2014-08-26 22:43:12', NULL, 0, 177, 'fgdsfgdsfgds', 1),
(381, '2014-08-26 22:43:12', NULL, 0, 177, 'fgdsfgdsfgdsfg', 2),
(382, '2014-08-26 22:50:24', NULL, 0, 178, 'asasa', 1),
(383, '2014-08-26 22:50:24', NULL, 0, 178, 'asasas', 2),
(384, '2014-08-26 22:51:03', NULL, 0, 179, 'fasfasfasf', 1),
(385, '2014-08-26 22:51:03', NULL, 0, 179, 'asfdsafsaf', 2),
(386, '2014-08-26 22:51:12', NULL, 0, 180, 'dsfgfdsg', 1),
(387, '2014-08-26 22:51:12', NULL, 0, 180, 'fdsgdsfgsfdgsdfg', 2),
(388, '2014-08-26 22:53:09', NULL, 0, 181, 'dsfgfdsgssfdg', 1),
(389, '2014-08-26 22:53:09', NULL, 0, 181, 'fdsgdsfgsfdgsdfsfdgsfgdg', 2),
(390, '2014-08-26 22:54:34', NULL, 0, 182, 'fghdfghd', 1),
(391, '2014-08-26 22:54:34', NULL, 0, 182, 'fghdhdfgdfgh', 2),
(392, '2014-08-26 22:54:34', NULL, 0, 182, 'hg', 3),
(393, '2014-08-26 22:56:00', NULL, 0, 183, 'fghdfghd', 1),
(394, '2014-08-26 22:56:00', NULL, 0, 183, 'fghdhdfgdfgh', 2),
(395, '2014-08-26 22:56:00', NULL, 0, 183, 'hg', 3),
(396, '2014-08-26 22:59:42', NULL, 0, 184, 'sdgfsdfg', 1),
(397, '2014-08-26 22:59:42', NULL, 0, 184, 'sdfgsgdfsgdf', 2),
(398, '2014-08-26 23:02:35', NULL, 0, 185, 'dfgdsfgdsgds', 1),
(399, '2014-08-26 23:02:35', NULL, 0, 185, 'gdsgdgsdgd', 2),
(400, '2014-08-27 11:21:32', NULL, 0, 186, 'asfdafdsafds', 1),
(401, '2014-08-27 11:21:32', NULL, 0, 186, 'afdsafsdafdsafsd', 2),
(402, '2014-08-27 11:31:50', NULL, 0, 188, 'eee', 1),
(403, '2014-08-27 11:31:50', NULL, 0, 188, 'ffff', 2),
(404, '2014-08-27 11:32:47', NULL, 0, 189, 'eee', 1),
(405, '2014-08-27 11:32:47', NULL, 0, 189, 'ffff', 2),
(406, '2014-08-27 11:35:32', NULL, 0, 190, 'eee', 1),
(407, '2014-08-27 11:35:32', NULL, 0, 190, 'ffff', 2),
(408, '2014-08-27 11:36:34', NULL, 0, 191, 'eee', 1),
(409, '2014-08-27 11:36:34', NULL, 0, 191, 'ffff', 2),
(410, '2014-08-27 11:38:21', NULL, 0, 192, 'eee', 1),
(411, '2014-08-27 11:38:21', NULL, 0, 192, 'ffff', 2),
(412, '2014-08-27 11:38:36', NULL, 0, 193, 'eee', 1),
(413, '2014-08-27 11:38:36', NULL, 0, 193, 'ffff', 2),
(414, '2014-08-27 11:38:58', NULL, 0, 194, 'eee', 1),
(415, '2014-08-27 11:38:58', NULL, 0, 194, 'ffff', 2),
(416, '2014-08-27 11:39:48', NULL, 0, 195, 'eee', 1),
(417, '2014-08-27 11:39:48', NULL, 0, 195, 'ffff', 2),
(418, '2014-08-27 11:40:46', NULL, 0, 196, 'eee', 1),
(419, '2014-08-27 11:40:46', NULL, 0, 196, 'ffff', 2),
(420, '2014-08-27 11:41:29', NULL, 0, 197, 'eee', 1),
(421, '2014-08-27 11:41:29', NULL, 0, 197, 'ffff', 2),
(422, '2014-08-27 11:42:31', NULL, 0, 198, 'gsdgd', 1),
(423, '2014-08-27 11:42:31', NULL, 0, 198, 'gdsgsdgsdgdf', 2),
(424, '2014-08-27 11:43:00', NULL, 0, 199, 'olen', 1),
(425, '2014-08-27 11:43:00', NULL, 0, 199, 'en', 2),
(426, '2014-08-27 11:43:40', NULL, 0, 200, 'hhhh', 1),
(427, '2014-08-27 11:43:40', NULL, 0, 200, 'hhhh', 2),
(428, '2014-08-27 11:43:56', NULL, 0, 201, 'fasdfas', 1),
(429, '2014-08-27 11:43:56', NULL, 0, 201, 'fsfasfadsfasfdasfadsf', 2),
(430, '2014-08-27 11:44:58', NULL, 0, 202, 'fsgfdsg', 1),
(431, '2014-08-27 11:44:58', NULL, 0, 202, 'dsfgdfsgfdsgdsfgdsg', 2),
(432, '2014-08-27 11:45:14', NULL, 0, 203, '', 1),
(433, '2014-08-27 11:45:14', NULL, 0, 203, '', 2),
(434, '2014-08-27 11:47:10', NULL, 0, 204, '', 1),
(435, '2014-08-27 11:47:10', NULL, 0, 204, '', 2),
(436, '2014-08-27 11:47:53', NULL, 0, 205, '', 1),
(437, '2014-08-27 11:47:53', NULL, 0, 205, '', 2),
(438, '2014-08-27 11:49:00', NULL, 0, 206, '', 1),
(439, '2014-08-27 11:49:00', NULL, 0, 206, '', 2),
(440, '2014-08-27 11:49:03', NULL, 0, 207, '', 1),
(441, '2014-08-27 11:49:03', NULL, 0, 207, '', 2),
(442, '2014-08-27 11:49:04', NULL, 0, 208, 'sdfgsdfgsfgd', 1),
(443, '2014-08-27 11:49:04', NULL, 0, 208, '', 2),
(444, '2014-08-27 11:49:40', NULL, 0, 209, '', 1),
(445, '2014-08-27 11:49:40', NULL, 0, 209, '', 2),
(446, '2014-08-27 11:49:43', NULL, 0, 210, '', 1),
(447, '2014-08-27 11:49:43', NULL, 0, 210, '', 2),
(448, '2014-08-27 11:49:45', NULL, 0, 211, '', 1),
(449, '2014-08-27 11:49:45', NULL, 0, 211, '', 2),
(450, '2014-08-27 11:49:46', NULL, 0, 212, '', 1),
(451, '2014-08-27 11:49:46', NULL, 0, 212, '', 2),
(452, '2014-08-27 11:52:08', NULL, 0, 213, '', 1),
(453, '2014-08-27 11:52:08', NULL, 0, 213, '', 2),
(454, '2014-08-27 11:52:34', NULL, 0, 214, '', 1),
(455, '2014-08-27 11:52:34', NULL, 0, 214, '', 2),
(456, '2014-08-27 11:52:35', NULL, 0, 215, '', 1),
(457, '2014-08-27 11:52:35', NULL, 0, 215, '', 2),
(458, '2014-08-27 11:52:36', NULL, 0, 216, '', 1),
(459, '2014-08-27 11:52:36', NULL, 0, 216, '', 2),
(460, '2014-08-27 11:52:36', NULL, 0, 217, '', 1),
(461, '2014-08-27 11:52:36', NULL, 0, 217, '', 2),
(462, '2014-08-27 12:11:10', NULL, 0, 218, 'dsfgfgdsfgdsgfds', 1),
(463, '2014-08-27 12:11:10', NULL, 0, 218, 'gfdsgfdsgfds', 2),
(464, '2014-08-27 12:31:14', NULL, 0, 219, 'fadsfadsfdsafads', 1),
(465, '2014-08-27 12:31:14', NULL, 0, 219, 'fadsfadsfadsfadsfdfadsfdsa', 2),
(466, '2014-08-27 12:34:39', NULL, 0, 220, 'En ole', 1),
(467, '2014-08-27 12:34:39', NULL, 0, 220, 'Kyllä', 2),
(468, '2014-08-27 12:34:39', NULL, 0, 220, 'Vaikkapa', 3),
(469, '2014-08-27 12:40:04', NULL, 0, 221, 'fghdsfghdsghds', 1),
(470, '2014-08-27 12:40:04', NULL, 0, 221, 'fghdsfghghghs', 2),
(471, '2014-08-27 12:40:35', NULL, 0, 222, 'sfgdgsfdfgds', 1),
(472, '2014-08-27 12:40:35', NULL, 0, 222, 'gdsffgdsdsgffgds', 2),
(473, '2014-08-27 12:53:33', NULL, 0, 223, 'fdhdfgh', 1),
(474, '2014-08-27 12:53:33', NULL, 0, 223, 'fdghfdhdhfgdhdh', 2),
(475, '2014-08-27 16:21:17', NULL, 0, 224, 'aaaa', 1),
(476, '2014-08-27 16:21:17', NULL, 0, 224, 'aaaaa', 2),
(477, '2014-08-27 16:27:18', NULL, 0, 225, 'asfdfasd', 1),
(478, '2014-08-27 16:27:18', NULL, 0, 225, 'afsdafsdafsdfads', 2),
(479, '2014-08-27 16:29:15', NULL, 0, 226, 'asfdafsd', 1),
(480, '2014-08-27 16:29:15', NULL, 0, 226, 'afsafsdasfdfasd', 2),
(481, '2014-08-27 16:50:41', NULL, 0, 227, 'fdasdfasfas', 1),
(482, '2014-08-27 16:50:41', NULL, 0, 227, 'fsadfsadfasdfsadfaf', 2),
(483, '2014-08-27 16:53:25', NULL, 0, 228, 'en', 1),
(484, '2014-08-27 16:53:25', NULL, 0, 228, 'olen', 2),
(485, '2014-08-27 16:57:25', NULL, 0, 229, 'asfdafsdfads', 1),
(486, '2014-08-27 16:57:25', NULL, 0, 229, '123afdsafds', 2),
(487, '2014-08-27 17:00:35', NULL, 0, 230, 'en', 1),
(488, '2014-08-27 17:00:35', NULL, 0, 230, 'olen xD', 2),
(489, '2014-08-27 17:01:36', NULL, 0, 231, 'fads', 1),
(490, '2014-08-27 17:01:36', NULL, 0, 231, 'fasdfadsfadsfads', 2);

-- --------------------------------------------------------

--
-- Rakenne taululle `poll`
--

CREATE TABLE IF NOT EXISTS `poll` (
`ID` int(11) NOT NULL,
  `created` timestamp NOT NULL DEFAULT CURRENT_TIMESTAMP,
  `modified` timestamp NULL DEFAULT NULL,
  `publishtime` timestamp NULL DEFAULT NULL,
  `theme` int(11) DEFAULT NULL,
  `expirationtime` timestamp NULL DEFAULT NULL,
  `published` tinyint(1) NOT NULL DEFAULT '0',
  `question` text NOT NULL,
  `duration` varchar(255) NOT NULL
) ENGINE=InnoDB  DEFAULT CHARSET=latin1 AUTO_INCREMENT=232 ;

--
-- Vedos taulusta `poll`
--

INSERT INTO `poll` (`ID`, `created`, `modified`, `publishtime`, `theme`, `expirationtime`, `published`, `question`, `duration`) VALUES
(1, '2014-08-26 09:24:29', NULL, NULL, 1, '0000-00-00 00:00:00', 0, 'asfdadsfasdf', '0'),
(2, '2014-08-26 09:24:47', NULL, '2014-08-26 09:25:02', 1, '0000-00-00 00:00:00', 1, 'asfdadsfasdf', '0'),
(3, '2014-08-26 09:36:23', NULL, NULL, 1, '0000-00-00 00:00:00', 0, 'sdfasfdsfsda', '0'),
(4, '2014-08-26 09:36:59', NULL, '2014-08-26 09:37:07', 1, '0000-00-00 00:00:00', 1, 'sdfasfdsfsda', '0'),
(5, '2014-08-26 09:48:31', NULL, '2014-08-26 09:48:43', 1, '0000-00-00 00:00:00', 1, 'jjjjjjjj', '0'),
(6, '2014-08-26 09:59:43', NULL, NULL, 1, '0000-00-00 00:00:00', 1, 'gfgfggggg', '0'),
(7, '2014-08-26 10:01:07', NULL, NULL, 1, '0000-00-00 00:00:00', 0, 'oooooooooooooooo', '0'),
(8, '2014-08-26 10:01:54', NULL, '2014-08-26 10:02:37', 1, '0000-00-00 00:00:00', 1, 'gjhfgjkfgjfgjk', '0'),
(9, '2014-08-26 10:03:50', NULL, '2014-08-26 10:03:51', 1, '0000-00-00 00:00:00', 1, 'iiiiiiiiiiiiiiiiii', '0'),
(10, '2014-08-26 10:07:28', NULL, '0000-00-00 00:00:00', 1, '0000-00-00 00:00:00', 1, 'ffffffffffffffffffffffff', '0'),
(11, '2014-08-26 10:14:28', NULL, NULL, 1, '0000-00-00 00:00:00', 0, 'hfgjhfgfdjhjfg', '0'),
(12, '2014-08-26 10:15:44', NULL, NULL, 1, '0000-00-00 00:00:00', 0, 'uuuuuuuuuuuuuuuuuu', '0'),
(13, '2014-08-26 10:16:14', NULL, NULL, 1, '0000-00-00 00:00:00', 0, 'gdfgfdhgfdhf', '0'),
(14, '2014-08-26 10:17:29', NULL, NULL, 1, '0000-00-00 00:00:00', 0, 'tyurutryutyurutr', '0'),
(15, '2014-08-26 10:20:37', NULL, NULL, 1, '0000-00-00 00:00:00', 0, 'bvfcddsfgfdsgfdsg', '0'),
(16, '2014-08-26 10:22:16', NULL, NULL, 1, '0000-00-00 00:00:00', 0, 'fdsfgdsdsfgfgdsfgds', '0'),
(17, '2014-08-26 10:22:36', NULL, NULL, 1, '0000-00-00 00:00:00', 0, 'fdsfgdsdsfgfgdsfgds3', '0'),
(18, '2014-08-26 10:23:01', NULL, NULL, 1, '0000-00-00 00:00:00', 0, 'aaaaaaaaaaaaaaaa', '0'),
(19, '2014-08-26 10:24:29', NULL, NULL, 1, '0000-00-00 00:00:00', 0, 'jhgjghkhj', '0'),
(20, '2014-08-26 10:25:43', NULL, NULL, 1, '0000-00-00 00:00:00', 0, 'ioiooioioioi', '0'),
(21, '2014-08-26 10:26:56', NULL, NULL, 1, '0000-00-00 00:00:00', 0, 'hljhkljlöjkökjl', '0'),
(22, '2014-08-26 10:27:28', NULL, NULL, 1, '0000-00-00 00:00:00', 0, 'klklklklklklklkl', '0'),
(23, '2014-08-26 10:27:54', NULL, NULL, 1, '0000-00-00 00:00:00', 0, 'glhkjhkghjkghkhgk', '0'),
(24, '2014-08-26 10:34:44', NULL, '2014-08-26 11:05:02', 1, '0000-00-00 00:00:00', 1, 'fsgfdgdgdgsfgdfg', '0'),
(25, '2014-08-26 11:05:45', NULL, NULL, 1, '0000-00-00 00:00:00', 0, 'kuka olet', '0'),
(26, '2014-08-26 11:06:47', NULL, NULL, 1, '0000-00-00 00:00:00', 0, 'fasasdfadsf', '0'),
(27, '2014-08-26 11:09:19', NULL, NULL, 1, '0000-00-00 00:00:00', 0, 'kkkkkkkkkkkkkkkk', '0'),
(28, '2014-08-26 11:09:35', NULL, NULL, 1, '0000-00-00 00:00:00', 0, 'fghjfghjhjfghjfhj', '0'),
(29, '2014-08-26 11:10:26', NULL, '2014-08-26 11:10:28', 1, '0000-00-00 00:00:00', 1, 'homohomo', '0'),
(30, '2014-08-26 11:13:53', NULL, '2014-08-26 11:13:54', 1, '0000-00-00 00:00:00', 1, 'fsaaaaaaaaaaaaaaaaaaaaaaa', '0'),
(31, '2014-08-26 11:32:02', NULL, NULL, 1, NULL, 0, 'fdsgfdgdsg', '0'),
(32, '2014-08-26 11:33:42', NULL, NULL, 1, NULL, 0, 'safdsdfgfdg', '0'),
(33, '2014-08-26 11:35:05', NULL, NULL, 1, NULL, 0, 'ggggggggggggg', '1'),
(34, '2014-08-26 11:35:41', NULL, NULL, 1, NULL, 0, 'jujujujujuj', '1'),
(35, '2014-08-26 11:36:34', NULL, '2014-08-26 11:36:35', 1, NULL, 1, 'sdgdhfgdhfdgh', '1'),
(36, '2014-08-26 11:37:53', NULL, '2014-08-26 11:40:48', 1, NULL, 1, 'gfjhfghjfgh', '01:30'),
(37, '2014-08-26 11:47:05', NULL, NULL, 1, NULL, 0, 'aaaaaaaaaaaaaaa', '01:30'),
(38, '2014-08-26 11:48:09', NULL, '2014-08-26 11:48:30', 1, NULL, 1, 'gdfsgdfsgdsgdsf', '01:30'),
(39, '2014-08-26 11:49:00', NULL, '2014-08-26 11:49:01', 1, '2014-08-26 11:49:01', 1, 'ooooooooooooo', '01:30'),
(40, '2014-08-26 11:50:40', NULL, '2014-08-26 11:51:54', 1, '2014-08-26 11:53:24', 1, 'sukkamehu?', '01:30'),
(41, '2014-08-26 11:52:12', NULL, '2014-08-26 11:52:14', 1, '2014-08-26 11:53:44', 1, 'dsfgdsfhdsghfgdshfdghfdghfdgh', '01:30'),
(42, '2014-08-26 11:53:21', NULL, '2014-08-26 11:54:40', 1, '2014-08-26 11:56:10', 1, 'dfgdfsgdfgfdsgdsfgfds', '01:30'),
(43, '2014-08-26 11:55:10', NULL, '2014-08-26 11:55:39', 1, '2014-08-26 11:57:09', 1, 'sfsfgdsg', '01:30'),
(44, '2014-08-26 11:59:40', NULL, '2014-08-26 11:59:41', 1, '2014-08-26 12:01:11', 1, 'sfsfgdsg', '01:30'),
(45, '2014-08-26 12:00:38', NULL, '2014-08-26 12:00:39', 1, '2014-08-26 12:02:09', 1, 'jghjfgjfghjgfjgh', '01:30'),
(46, '2014-08-26 12:01:05', NULL, '2014-08-26 12:01:06', 1, '2014-08-26 12:02:36', 1, 'sfasdfsadfasdf', '01:30'),
(47, '2014-08-26 12:02:22', NULL, '2014-08-26 12:02:23', 1, '2014-08-26 12:03:53', 1, 'dfgdsgfdgdfsgfdsg', '01:30'),
(48, '2014-08-26 12:03:56', NULL, '2014-08-26 12:03:57', 1, '2014-08-26 12:05:27', 1, 'gkhjkhjgkhjgkghj', '01:30'),
(49, '2014-08-26 12:12:02', NULL, '2014-08-26 12:12:04', 1, '2014-08-26 12:13:49', 1, 'oletkogfdhfgdhfhgffgh', '01:45'),
(50, '2014-08-26 12:20:58', NULL, '2014-08-26 12:20:59', 1, '2014-08-26 12:22:29', 1, 'sfasdfdsfasdfasfadsf', '01:30'),
(51, '2014-08-26 12:23:24', NULL, '2014-08-26 12:23:25', 1, '2014-08-26 12:24:55', 1, 'fdgdsfgfdgfdsg', '01:30'),
(52, '2014-08-26 12:36:16', NULL, '2014-08-26 12:36:17', 1, '2014-08-26 12:37:47', 1, 'gfdgdsfgdsfgfdsg', '01:30'),
(53, '2014-08-26 12:39:27', NULL, NULL, 1, NULL, 0, 'gdghfdhfdgh', '01:30'),
(54, '2014-08-26 12:39:57', NULL, '2014-08-26 12:39:58', 1, '2014-08-26 12:41:28', 1, 'fdgsdgdsgdfsg', '01:30'),
(55, '2014-08-26 12:44:34', NULL, '2014-08-26 12:44:35', 1, '2014-08-26 12:46:05', 1, 'sdfsgfdsgfdgdsg', '01:30'),
(56, '2014-08-26 12:46:47', NULL, NULL, 1, NULL, 0, 'dfgddsgdsg', '01:30'),
(57, '2014-08-26 12:47:00', NULL, '2014-08-26 12:47:01', 1, '2014-08-26 12:48:31', 1, 'ghjfghjfghjfghj', '01:30'),
(58, '2014-08-26 12:53:10', NULL, NULL, 1, NULL, 0, 'fdsgfdsgdsfgfd', '01:30'),
(59, '2014-08-26 12:53:30', NULL, NULL, 1, NULL, 0, 'gfdgdfgdsfgfdsgfdsgds', '01:30'),
(60, '2014-08-26 12:54:26', NULL, NULL, 1, NULL, 0, 'gfhjfghjgfj', '01:30'),
(61, '2014-08-26 12:55:07', NULL, '2014-08-26 12:55:13', 1, '2014-08-26 12:56:43', 1, 'asfasfsfs', '01:30'),
(62, '2014-08-26 13:13:52', NULL, '2014-08-26 13:13:53', 1, '2014-08-26 13:15:23', 1, 'tretdgdsg', '01:30'),
(63, '2014-08-26 13:15:36', NULL, '2014-08-26 13:15:37', 1, '2014-08-26 13:20:37', 1, 'adsfasfasdfsdaf', '05:00'),
(64, '2014-08-26 13:21:13', NULL, '2014-08-26 13:21:14', 1, '2014-08-26 13:26:29', 1, 'dgdghf', '05:15'),
(65, '2014-08-26 13:23:04', NULL, '2014-08-26 13:23:05', 1, '2014-08-26 13:26:20', 1, 'sukkamehu', '03:15'),
(66, '2014-08-26 13:38:18', NULL, NULL, 1, NULL, 0, 'fdghgfdhfgdh', '03:30'),
(67, '2014-08-26 13:38:58', NULL, NULL, 1, NULL, 0, 'fdgsdfgsgfds', '01:30'),
(68, '2014-08-26 13:39:16', NULL, NULL, 1, NULL, 0, 'gdfgdsfg', '01:30'),
(69, '2014-08-26 13:39:40', NULL, '2014-08-26 13:39:42', 1, '2014-08-26 13:41:12', 1, 'jghgjfghjfgj', '01:30'),
(70, '2014-08-26 13:40:49', NULL, NULL, 1, NULL, 0, 'fdgsdfgdsgd', '01:30'),
(71, '2014-08-26 13:41:07', NULL, NULL, 1, NULL, 0, 'fdgsdfgdsgd', '01:30'),
(72, '2014-08-26 13:41:38', NULL, NULL, 1, NULL, 0, 'gdhgdh', '01:30'),
(73, '2014-08-26 13:41:43', NULL, '2014-08-26 13:41:44', 1, '2014-08-26 13:43:14', 1, 'gdhgdh', '01:30'),
(74, '2014-08-26 13:42:26', NULL, '2014-08-26 13:42:33', 1, '2014-08-26 13:44:03', 1, 'dfgdsfgdsgfdsgfds', '01:30'),
(75, '2014-08-26 13:44:42', NULL, '2014-08-26 13:44:44', 1, '2014-08-26 13:46:14', 1, 'dgdsgdsfg', '01:30'),
(76, '2014-08-26 13:45:41', NULL, '2014-08-26 13:45:43', 1, '2014-08-26 13:47:13', 1, 'fdgdsfgsdf', '01:30'),
(77, '2014-08-26 13:46:20', NULL, NULL, 1, NULL, 0, 'dsfsafdsa', '01:30'),
(78, '2014-08-26 13:46:43', NULL, '2014-08-26 13:46:45', 1, '2014-08-26 13:48:15', 1, 'dfgdsfg', '01:30'),
(79, '2014-08-26 13:53:43', NULL, '2014-08-26 13:53:47', 1, '2014-08-26 13:55:17', 1, 'kissa', '01:30'),
(80, '2014-08-26 14:03:16', NULL, NULL, 1, NULL, 0, 'fsgffdsgdsfg', '01:30'),
(81, '2014-08-26 14:08:16', NULL, NULL, 1, NULL, 0, 'sfsafgas', '01:30'),
(82, '2014-08-26 14:08:19', NULL, NULL, 1, NULL, 0, 'sfsafgas', '01:30'),
(83, '2014-08-26 14:15:19', NULL, NULL, 1, NULL, 0, 'fsdafsad', '01:30'),
(84, '2014-08-26 14:15:59', NULL, '2014-08-26 14:16:01', 2, '2014-08-26 14:17:31', 1, 'sfaasdfsaf', '01:30'),
(85, '2014-08-26 14:30:43', NULL, '2014-08-26 14:30:49', 1, '2014-08-26 14:32:19', 1, 'dsfasdfasfdadsffas', '01:30'),
(86, '2014-08-26 14:36:38', NULL, '2014-08-26 14:36:39', 1, '2014-08-26 14:38:09', 1, 'dsfgdsfgdf', '01:30'),
(87, '2014-08-26 14:37:29', NULL, '2014-08-26 14:37:33', 2, '2014-08-26 14:39:03', 1, 'sfggaaaa', '01:30'),
(88, '2014-08-26 14:37:42', NULL, '2014-08-26 14:37:45', 1, '2014-08-26 14:39:15', 1, 'gdsfgsdfgfdsgsg', '01:30'),
(89, '2014-08-26 14:38:53', NULL, '2014-08-26 14:38:55', 2, '2014-08-26 14:40:25', 1, 'dsfgsdg', '01:30'),
(90, '2014-08-26 14:39:04', NULL, '2014-08-26 14:39:05', 1, '2014-08-26 14:40:35', 1, 'dfgdsfgdsgdsfgdsg', '01:30'),
(91, '2014-08-26 14:40:56', NULL, '2014-08-26 14:40:58', 2, '2014-08-26 14:42:28', 1, 'fgdfgds', '01:30'),
(92, '2014-08-26 14:42:38', NULL, '2014-08-26 14:42:39', 2, '2014-08-26 14:45:54', 1, 'aaaaaaaaaaaaaaaaaa', '03:15'),
(93, '2014-08-26 14:46:31', NULL, '2014-08-26 14:46:32', 2, '2014-08-26 14:50:17', 1, 'kuka olet?', '03:45'),
(94, '2014-08-26 14:50:48', NULL, '2014-08-26 14:50:49', 2, '2014-08-26 14:52:19', 1, 'sdfgdsfgfdsgfdgsdfg', '01:30'),
(95, '2014-08-26 14:52:13', NULL, '2014-08-26 14:52:14', 2, '2014-08-26 14:56:29', 1, 'gsaaaaaaaaaaaaaaa', '04:15'),
(96, '2014-08-26 14:54:02', NULL, '2014-08-26 14:54:04', 1, '2014-08-26 14:55:34', 1, 'asdfadsfasfasdf', '01:30'),
(97, '2014-08-26 14:56:23', NULL, '2014-08-26 14:56:24', 1, '2014-08-26 14:57:54', 1, 'sdfasdfsdfsadfasdf', '01:30'),
(98, '2014-08-26 14:58:33', NULL, '2014-08-26 14:58:34', 1, '2014-08-26 15:00:04', 1, 'fdgdsgdsfgfdsgdsf', '01:30'),
(99, '2014-08-26 15:00:27', NULL, '2014-08-26 15:00:28', 1, '2014-08-26 15:04:13', 1, 'afgsdfgdsfgfds', '03:45'),
(100, '2014-08-26 15:05:00', NULL, '2014-08-26 15:05:01', 1, '2014-08-26 15:10:46', 1, 'gdsfgdsfg', '05:45'),
(101, '2014-08-26 15:05:09', NULL, '2014-08-26 15:05:10', 2, '2014-08-26 15:06:40', 1, 'fdsgdsgfdsg', '01:30'),
(102, '2014-08-26 15:05:48', NULL, '2014-08-26 15:05:50', 1, '2014-08-26 15:09:50', 1, 'ggggggggggggggggg', '04:00'),
(103, '2014-08-26 15:05:56', NULL, '2014-08-26 15:05:58', 2, '2014-08-26 15:07:28', 1, 'dgfdsghdhg', '01:30'),
(104, '2014-08-26 15:07:55', NULL, '2014-08-26 15:07:56', 2, '2014-08-26 15:09:26', 1, 'ggggggggggggggg', '01:30'),
(105, '2014-08-26 15:09:48', NULL, '2014-08-26 15:09:49', 2, '2014-08-26 15:12:49', 1, 'dfsgggggggg', '03:00'),
(106, '2014-08-26 15:12:13', NULL, '2014-08-26 15:12:14', 2, '2014-08-26 15:13:44', 1, 'dddddddddddjgjghjfghjf', '01:30'),
(107, '2014-08-26 15:13:55', NULL, '2014-08-26 15:13:55', 2, '2014-08-26 15:15:25', 1, 'gfdgdsfgfdsgdsg', '01:30'),
(108, '2014-08-26 15:15:14', NULL, '2014-08-26 15:15:15', 1, '2014-08-26 15:16:45', 1, 'dgdsgsdfg', '01:30'),
(109, '2014-08-26 15:16:15', NULL, '2014-08-26 15:16:17', 2, '2014-08-26 15:17:47', 1, 'dsfgdsfgs', '01:30'),
(110, '2014-08-26 15:16:23', NULL, '2014-08-26 15:16:24', 2, '2014-08-26 15:17:54', 1, 'dsfgsfgdsg', '01:30'),
(111, '2014-08-26 15:16:33', NULL, '2014-08-26 15:16:34', 1, '2014-08-26 15:18:04', 1, 'gdfgds', '01:30'),
(112, '2014-08-26 15:18:42', NULL, '2014-08-26 15:18:43', 2, '2014-08-26 15:20:13', 1, 'aaaaaaaaaaaaaaaaaaaaa', '01:30'),
(113, '2014-08-26 15:18:52', NULL, '2014-08-26 15:18:53', 1, '2014-08-26 15:20:23', 1, 'abababababa', '01:30'),
(114, '2014-08-26 15:20:13', NULL, '2014-08-26 15:20:14', 2, '2014-08-26 15:21:44', 1, 'fdsgdsfsfg', '01:30'),
(115, '2014-08-26 15:20:24', NULL, '2014-08-26 15:25:29', 1, '2014-08-26 15:26:59', 1, 'fgdssfgdfgdsfgds', '01:30'),
(116, '2014-08-26 15:25:28', NULL, NULL, 2, NULL, 0, 'dsfgdsfgfdgfdsgfs', '01:30'),
(117, '2014-08-26 15:25:39', NULL, '2014-08-26 15:27:18', 2, '2014-08-26 15:28:48', 1, 'dhggfhfgdh', '01:30'),
(118, '2014-08-26 15:27:17', NULL, NULL, 2, NULL, 0, 'fdgsdfgdsf', '01:30'),
(119, '2014-08-26 15:27:29', NULL, '2014-08-26 15:27:32', 2, '2014-08-26 15:29:02', 1, 'ghgshfhghfd', '01:30'),
(120, '2014-08-26 15:28:40', NULL, '2014-08-26 15:28:42', 1, '2014-08-26 15:30:12', 1, 'fdggfdsgfgfgfg', '01:30'),
(121, '2014-08-26 15:29:04', NULL, '2014-08-26 15:29:07', 1, '2014-08-26 15:30:37', 1, 'sgfdgdsgsd', '01:30'),
(122, '2014-08-26 15:54:10', NULL, '2014-08-26 15:54:11', 2, '2014-08-26 15:55:41', 1, 'sgsfdgdsfgdsfgf', '01:30'),
(123, '2014-08-26 15:56:07', NULL, '2014-08-26 15:56:08', 3, '2014-08-26 15:59:23', 1, 'sfdsafasg', '03:15'),
(124, '2014-08-26 15:58:55', NULL, '2014-08-26 15:58:57', 1, '2014-08-26 16:00:27', 1, 'fdgdsgsfg', '01:30'),
(125, '2014-08-26 15:59:05', NULL, '2014-08-26 15:59:06', 2, '2014-08-26 16:00:36', 1, 'gdfgdfg', '01:30'),
(126, '2014-08-26 15:59:51', NULL, '2014-08-26 15:59:52', 1, '2014-08-26 16:01:22', 1, 'dgsdfgfdsgfds', '01:30'),
(127, '2014-08-26 16:00:08', NULL, '2014-08-26 16:00:10', 2, '2014-08-26 16:01:40', 1, 'dfgdsgsdg', '01:30'),
(128, '2014-08-26 16:01:03', NULL, '2014-08-26 16:01:04', 1, '2014-08-26 16:02:34', 1, 'dfgdsgdfsgdsfgdsgfds', '01:30'),
(129, '2014-08-26 16:01:17', NULL, '2014-08-26 16:01:18', 2, '2014-08-26 16:02:48', 1, 'fdgdfgdsfgd', '01:30'),
(130, '2014-08-26 16:02:19', NULL, '2014-08-26 16:02:21', 1, '2014-08-26 16:03:51', 1, 'dfgdsfgs', '01:30'),
(131, '2014-08-26 16:07:10', NULL, NULL, 2, NULL, 0, 'gfdsjhk', '01:30'),
(132, '2014-08-26 16:07:15', NULL, '2014-08-26 16:08:58', 2, '2014-08-26 16:10:28', 1, 'gfdsjhk', '01:30'),
(133, '2014-08-26 16:08:57', NULL, NULL, 2, NULL, 0, 'dgdsfgdsgdsfgfds', '01:30'),
(134, '2014-08-26 16:09:07', NULL, '2014-08-26 16:09:09', 2, '2014-08-26 16:10:39', 1, 'jhfjghdfgdhfghdfghd', '01:30'),
(135, '2014-08-26 17:14:11', NULL, '2014-08-26 17:14:12', 2, '2014-08-26 17:15:42', 1, 'fdgdsfgsgfds', '01:30'),
(136, '2014-08-26 17:14:33', NULL, '2014-08-26 17:14:37', 1, '2014-08-26 17:16:07', 1, 'dsfgdsgfds', '01:30'),
(137, '2014-08-26 17:16:21', NULL, '2014-08-26 17:16:23', 2, '2014-08-26 17:17:53', 1, 'fdsgsdfgsdfg', '01:30'),
(138, '2014-08-26 17:16:34', NULL, '2014-08-26 17:16:37', 2, '2014-08-26 17:18:07', 1, 'fdggsfdfgsd', '01:30'),
(139, '2014-08-26 17:18:01', NULL, '2014-08-26 17:18:03', 2, '2014-08-26 17:19:33', 1, 'aaaaaaaaaaaaaa', '01:30'),
(140, '2014-08-26 17:20:48', NULL, '2014-08-26 17:20:50', 2, '2014-08-26 17:22:20', 1, 'dfgsdfgd', '01:30'),
(141, '2014-08-26 17:22:22', NULL, '2014-08-26 17:22:23', 2, '2014-08-26 17:23:53', 1, 'aaaaaaaaaaaaaaaaaa', '01:30'),
(142, '2014-08-26 17:28:39', NULL, '2014-08-26 17:28:41', 2, '2014-08-26 17:30:11', 1, 'asdfasfdsa', '01:30'),
(143, '2014-08-26 17:30:56', NULL, '2014-08-26 17:30:58', 2, '2014-08-26 17:32:28', 1, 'sfdgsdgsgdf', '01:30'),
(144, '2014-08-26 17:33:58', NULL, '2014-08-26 17:34:00', 2, '2014-08-26 17:35:30', 1, 'fgdhdfgh', '01:30'),
(145, '2014-08-26 17:35:20', NULL, '2014-08-26 17:35:22', 2, '2014-08-26 17:36:52', 1, 'fghjfgjhfgh', '01:30'),
(146, '2014-08-26 17:36:11', NULL, '2014-08-26 17:36:13', 2, '2014-08-26 17:37:43', 1, 'sdfghfghfgh', '01:30'),
(147, '2014-08-26 17:41:32', NULL, '2014-08-26 17:41:33', 2, '2014-08-26 17:43:03', 1, 'fghjfghjgfj', '01:30'),
(148, '2014-08-26 17:43:09', NULL, '2014-08-26 17:43:11', 2, '2014-08-26 17:44:41', 1, 'dghfdhfdghdfg', '01:30'),
(149, '2014-08-26 17:46:16', NULL, '2014-08-26 17:46:17', 2, '2014-08-26 17:47:47', 1, 'dfgdsfg', '01:30'),
(150, '2014-08-26 17:48:07', NULL, '2014-08-26 17:48:09', 2, '2014-08-26 17:50:54', 1, 'dsfgsdfgdsg', '02:45'),
(151, '2014-08-26 17:53:50', NULL, '2014-08-26 17:53:52', 1, '2014-08-26 17:55:22', 1, 'hgfdhfgdhfgdhdh', '01:30'),
(152, '2014-08-26 18:01:07', NULL, '2014-08-26 18:32:34', 1, '2014-08-26 18:35:04', 1, 'dfgdsgdsgdsgdf', '02:30'),
(153, '2014-08-26 18:32:32', NULL, NULL, 2, NULL, 0, 'fdghfgdfhdg', '01:30'),
(154, '2014-08-26 18:32:49', NULL, '2014-08-26 18:32:51', 2, '2014-08-26 18:34:21', 1, 'dfsgdsfgsdfg', '01:30'),
(155, '2014-08-26 18:34:32', NULL, '2014-08-26 18:34:34', 2, '2014-08-26 18:36:04', 1, 'gdfgdfsgsdgdsg', '01:30'),
(156, '2014-08-26 18:36:22', NULL, '2014-08-26 18:36:25', 2, '2014-08-26 18:37:55', 1, 'fhfdghfdgh', '01:30'),
(157, '2014-08-26 18:44:27', NULL, '2014-08-26 18:44:29', 1, '2014-08-26 18:45:59', 1, 'sukkamehu?', '01:30'),
(158, '2014-08-26 18:46:55', NULL, '2014-08-26 18:46:58', 1, '2014-08-26 18:48:28', 1, 'moi kuka olet', '01:30'),
(159, '2014-08-26 18:48:36', NULL, '2014-08-26 18:48:38', 2, '2014-08-26 18:50:08', 1, 'sfgsdgsdgdsf', '01:30'),
(160, '2014-08-26 18:51:04', NULL, '2014-08-26 18:51:10', 1, '2014-08-26 18:53:10', 1, 'Oletko homo?', '02:00'),
(161, '2014-08-26 18:53:46', NULL, '2014-08-26 18:53:48', 2, '2014-08-26 18:55:18', 1, 'dgfsfgdsfgsd', '01:30'),
(162, '2014-08-26 18:55:34', NULL, '2014-08-26 18:55:37', 2, '2014-08-26 18:58:07', 1, 'fsgdfgsdgfd', '02:30'),
(163, '2014-08-26 21:37:35', NULL, NULL, 2, NULL, 0, 'dfgdfgdsfg', '01:30'),
(164, '2014-08-26 21:37:58', NULL, NULL, 2, NULL, 0, '´fdgsdgdsfg', '01:30'),
(165, '2014-08-26 21:38:41', NULL, NULL, 2, NULL, 0, 'gfdgsdgfgdsfgds', '01:30'),
(166, '2014-08-26 21:39:23', NULL, NULL, 2, NULL, 0, 'gfdsgdsf', '01:30'),
(167, '2014-08-26 21:43:41', NULL, NULL, 2, NULL, 0, 'gdfgdsgdsgdsfgdsg', '01:30'),
(168, '2014-08-26 21:50:34', NULL, NULL, 2, NULL, 0, 'fgdsgdsfgfds', '01:30'),
(169, '2014-08-26 22:04:31', NULL, NULL, 2, NULL, 0, 'gfdsfgdfgds', '01:30'),
(170, '2014-08-26 22:06:44', NULL, NULL, 1, NULL, 0, 'gfdsgdfsg', '01:30'),
(171, '2014-08-26 22:07:32', NULL, NULL, 2, NULL, 0, 'gfdsgdfsg', '01:30'),
(172, '2014-08-26 22:07:38', NULL, NULL, 2, NULL, 0, 'gfdsgdfsg', '01:30'),
(173, '2014-08-26 22:08:09', NULL, NULL, 2, NULL, 0, 'dfgsdfgdsfgfd', '01:30'),
(174, '2014-08-26 22:08:15', NULL, NULL, 2, NULL, 0, 'dfgsdfgdsfgfd', '01:30'),
(175, '2014-08-26 22:08:19', NULL, NULL, 2, NULL, 0, 'dfgsdfgdsfgfd', '02:00'),
(176, '2014-08-26 22:11:25', NULL, NULL, 2, NULL, 0, 'hihiiiii', '01:30'),
(177, '2014-08-26 22:43:12', NULL, NULL, 2, NULL, 0, 'gfdfgdsfgdsfgdsfgds', '01:30'),
(178, '2014-08-26 22:50:24', NULL, NULL, 2, NULL, 0, 'asasassa', '01:30'),
(179, '2014-08-26 22:51:03', NULL, NULL, 2, NULL, 0, 'sfasdfasfas', '01:30'),
(180, '2014-08-26 22:51:12', NULL, NULL, 2, NULL, 0, 'dsgdsfgsdfg', '01:30'),
(181, '2014-08-26 22:53:09', NULL, NULL, 2, NULL, 0, 'dsgdsfgsdfgsdfgsg', '01:30'),
(182, '2014-08-26 22:54:34', NULL, NULL, 2, NULL, 0, 'fghfhdgfdgh', '01:30'),
(183, '2014-08-26 22:56:00', NULL, NULL, 2, NULL, 0, 'fghfhdgfdghhgfddhfg', '01:30'),
(184, '2014-08-26 22:59:42', NULL, NULL, 2, NULL, 0, 'dsfgsdfgdsgf', '01:30'),
(185, '2014-08-26 23:02:35', NULL, NULL, 2, NULL, 0, 'dfgsfgsdfgs', '01:30'),
(186, '2014-08-27 11:21:32', NULL, NULL, 2, NULL, 0, 'asdfasdffads', '01:30'),
(187, '2014-08-27 11:31:13', NULL, '0000-00-00 00:00:00', 2, NULL, 1, 'oletko kissakoira', '01:30'),
(188, '2014-08-27 11:31:50', NULL, NULL, 2, NULL, 1, 'oletko kissakoira', '01:30'),
(189, '2014-08-27 11:32:47', NULL, '0000-00-00 00:00:00', 2, NULL, 1, 'oletko kissakoira????', '01:30'),
(190, '2014-08-27 11:35:32', NULL, NULL, 2, NULL, 1, 'oletko kissakoiraasfdfadsfadsafsd', '01:30'),
(191, '2014-08-27 11:36:34', NULL, NULL, 2, NULL, 1, 'oletko kissakoiraasfdfadsfadsafsd', '01:30'),
(192, '2014-08-27 11:38:21', NULL, NULL, 2, NULL, 1, 'oletko kissakoiraasfdfadsfadsafsd', '01:30'),
(193, '2014-08-27 11:38:36', NULL, NULL, 2, NULL, 1, 'oletko kissakoiraasfdfadsfadsafsd', '01:30'),
(194, '2014-08-27 11:38:58', NULL, NULL, 2, NULL, 1, 'oletko kissakoiraasfdfadsfadsafsd', '01:30'),
(195, '2014-08-27 11:39:48', NULL, NULL, 2, NULL, 1, 'oletko kissakoiraasfdfadsfadsafsd', '01:30'),
(196, '2014-08-27 11:40:46', NULL, NULL, 2, NULL, 1, 'testi', '01:30'),
(197, '2014-08-27 11:41:29', NULL, NULL, 2, '2014-08-27 11:42:59', 1, 'testia', '01:30'),
(198, '2014-08-27 11:42:31', NULL, NULL, 2, '2014-08-27 11:44:01', 1, 'gfdsgdgdsf', '01:30'),
(199, '2014-08-27 11:43:00', NULL, NULL, 2, '2014-08-27 11:44:30', 1, 'oletko kissa', '01:30'),
(200, '2014-08-27 11:43:40', NULL, NULL, 2, '2014-08-27 11:45:10', 1, 'hhhhhhhhhhhhhhh', '01:30'),
(201, '2014-08-27 11:43:56', NULL, NULL, 2, '2014-08-27 11:45:26', 1, 'afsasddas', '01:30'),
(202, '2014-08-27 11:44:58', NULL, NULL, 2, '2014-08-27 11:46:28', 1, 'asfsfgfdgsdgd', '01:30'),
(203, '2014-08-27 11:45:14', NULL, NULL, 2, '2014-08-27 11:46:44', 1, '', '01:30'),
(204, '2014-08-27 11:47:10', NULL, NULL, 2, '2014-08-27 11:48:40', 1, '', '01:30'),
(205, '2014-08-27 11:47:53', NULL, NULL, 2, '2014-08-27 11:49:23', 1, '', '01:30'),
(206, '2014-08-27 11:49:00', NULL, NULL, 2, '2014-08-27 11:50:30', 1, '', '01:30'),
(207, '2014-08-27 11:49:03', NULL, NULL, 2, '2014-08-27 11:50:33', 1, 'dsgsdfgfgdsgsfdgsfd', '01:30'),
(208, '2014-08-27 11:49:04', NULL, NULL, 2, '2014-08-27 11:50:34', 1, '', '01:30'),
(209, '2014-08-27 11:49:40', NULL, NULL, 2, '2014-08-27 11:51:10', 1, 'dsfgsfgdsfgd', '01:30'),
(210, '2014-08-27 11:49:43', NULL, NULL, 2, '2014-08-27 11:51:13', 1, '', '01:30'),
(211, '2014-08-27 11:49:45', NULL, NULL, 2, '2014-08-27 11:51:15', 1, '', '01:30'),
(212, '2014-08-27 11:49:45', NULL, NULL, 2, '2014-08-27 11:51:16', 1, '', '01:30'),
(213, '2014-08-27 11:52:08', NULL, NULL, 2, '2014-08-27 11:53:38', 1, '', '01:30'),
(214, '2014-08-27 11:52:34', NULL, NULL, 2, '2014-08-27 11:54:04', 1, '', '01:30'),
(215, '2014-08-27 11:52:35', NULL, NULL, 2, '2014-08-27 11:54:05', 1, '', '01:30'),
(216, '2014-08-27 11:52:36', NULL, NULL, 2, '2014-08-27 11:54:06', 1, '', '01:30'),
(217, '2014-08-27 11:52:36', NULL, NULL, 2, '2014-08-27 11:54:06', 1, '', '01:30'),
(218, '2014-08-27 12:11:10', NULL, NULL, 2, '2014-08-27 12:12:40', 1, 'gfdsfdsg', '01:30'),
(219, '2014-08-27 12:31:14', NULL, NULL, 2, '2014-08-27 12:32:44', 1, 'asdfasfdfadsfdsafadsfadsads', '01:30'),
(220, '2014-08-27 12:34:39', NULL, NULL, 2, '2014-08-27 12:36:39', 1, 'oletko sukkamehu?', '02:00'),
(221, '2014-08-27 12:40:04', NULL, NULL, 2, '2014-08-27 12:41:34', 1, 'retfgfgdsfgds', '01:30'),
(222, '2014-08-27 12:40:35', NULL, NULL, 2, '2014-08-27 12:42:05', 1, 'gfdsgssdfgds', '01:30'),
(223, '2014-08-27 12:53:33', NULL, NULL, 2, '2014-08-27 12:58:18', 1, 'hsfdhdghfdh', '04:45'),
(224, '2014-08-27 16:21:17', NULL, NULL, 2, '2014-08-27 16:22:47', 1, 'aaaaaaaaaaaaa', '01:30'),
(225, '2014-08-27 16:27:18', NULL, NULL, 2, '2014-08-27 16:28:48', 1, 'sfasfafsd', '01:30'),
(226, '2014-08-27 16:29:15', NULL, NULL, 2, '2014-08-27 16:30:45', 1, 'fasdafsdfasd', '01:30'),
(227, '2014-08-27 16:50:41', NULL, NULL, 2, '2014-08-27 16:52:11', 1, 'aasfdasfas', '01:30'),
(228, '2014-08-27 16:53:25', NULL, NULL, 2, '2014-08-27 16:54:55', 1, 'oletko?', '01:30'),
(229, '2014-08-27 16:57:25', NULL, NULL, 2, '2014-08-27 16:58:55', 1, 'asdfafdsfads', '01:30'),
(230, '2014-08-27 17:00:35', NULL, NULL, 2, '2014-08-27 17:02:20', 1, 'oletko kissakoira?', '01:45'),
(231, '2014-08-27 17:01:36', NULL, NULL, 2, '2014-08-27 17:03:06', 1, 'fasadsffads', '01:30');

-- --------------------------------------------------------

--
-- Rakenne taululle `themes`
--

CREATE TABLE IF NOT EXISTS `themes` (
`ID` int(11) NOT NULL,
  `created` timestamp NOT NULL DEFAULT CURRENT_TIMESTAMP,
  `modified` timestamp NULL DEFAULT NULL,
  `url` varchar(255) NOT NULL,
  `name` varchar(255) NOT NULL
) ENGINE=InnoDB  DEFAULT CHARSET=latin1 AUTO_INCREMENT=3 ;

--
-- Vedos taulusta `themes`
--

INSERT INTO `themes` (`ID`, `created`, `modified`, `url`, `name`) VALUES
(1, '2014-08-26 09:08:52', NULL, 'http://localhost/qtool-api/css/testiurl.css', 'test'),
(2, '2014-08-26 14:15:56', NULL, 'http://localhost/qtool-api/css/default.css', 'default');

--
-- Indexes for dumped tables
--

--
-- Indexes for table `answer`
--
ALTER TABLE `answer`
 ADD PRIMARY KEY (`ID`);

--
-- Indexes for table `poll`
--
ALTER TABLE `poll`
 ADD PRIMARY KEY (`ID`);

--
-- Indexes for table `themes`
--
ALTER TABLE `themes`
 ADD PRIMARY KEY (`ID`);

--
-- AUTO_INCREMENT for dumped tables
--

--
-- AUTO_INCREMENT for table `answer`
--
ALTER TABLE `answer`
MODIFY `ID` int(11) NOT NULL AUTO_INCREMENT,AUTO_INCREMENT=491;
--
-- AUTO_INCREMENT for table `poll`
--
ALTER TABLE `poll`
MODIFY `ID` int(11) NOT NULL AUTO_INCREMENT,AUTO_INCREMENT=232;
--
-- AUTO_INCREMENT for table `themes`
--
ALTER TABLE `themes`
MODIFY `ID` int(11) NOT NULL AUTO_INCREMENT,AUTO_INCREMENT=3;
/*!40101 SET CHARACTER_SET_CLIENT=@OLD_CHARACTER_SET_CLIENT */;
/*!40101 SET CHARACTER_SET_RESULTS=@OLD_CHARACTER_SET_RESULTS */;
/*!40101 SET COLLATION_CONNECTION=@OLD_COLLATION_CONNECTION */;
